INSERT INTO `personaldata` (`PassportNumber`, `FirstName`, `LastName`)
	VALUES
	('AD1112223', 'Никифор', 'Никифоров'),
	('AQ1233212', 'Олег', 'Михайлов'),
	('BA7899871', 'Платон', 'Симонов'),
	('BB8976524', 'Наталья', 'Лисовская'),
	('CC6367897', 'Виолетта', 'Захарова'),
	('CW9633698', 'Павел', 'Силаев'),
	('DF9672549', 'Елена', 'Иванова'),
	('DR7411475', 'Дмитрий', 'Дмитриев'),
	('EH1477412', 'Оксана', 'Кадышева'),
	('FF5553345', 'Жанна', 'Боброва'),
    ('FY8522583', 'Михаил', 'Леонтьев'),
	('GL2588523', 'Валерия', 'Медведева'),
    ('HU1599512', 'Пелагея', 'Стоцкая'),
	('JJ9991177', 'Егор', 'Егоров'),
	('JS9511596', 'Григорий', 'Гусельников'),
    ('KK4441122', 'Василий', 'Васильев'),
	('KO7533574', 'Олег', 'Мень'),
	('LC4566547', 'Александр', 'Титов'),
	('MN3211235', 'Андрей', 'Тихонов'),
	('NM8633687', 'Валентин', 'Сичкин'),
	('OP1232244', 'Иван', 'Иванов'),
	('QA4566548', 'Андрей', 'Дементьев'),
	('QQ9631452', 'Валентин', 'Алабин'),
	('RR9002039', 'Борис', 'Борисов'),
	('SA2123389', 'Анна', 'Сидорова'),
	('TR8001217', 'Татьяна', 'Воробьёва'),
	('UL3212211', 'Пётр', 'Петров'),
	('XX3658899', 'Никонор', 'Никоноров'),
	('YY7897168', 'Сегрей', 'Сергеев');

INSERT INTO `user` (`UserID`, `Login`, `Password`, `Role`, `PassportNumber`, `Image`)
	VALUES
	(1002, 'AA08BE2B15A62BF1FB3DB88022A77F92', '819B0643D6B89DC9B579FDFC9094F28E', 'PHYSICIAN', 'SA2123389', NULL),
	(1003, '0EEAF7876AED94BDA664A02DE7D09F80', '34CC93ECE0BA9E3F6F235D4AF979B16C', 'PHYSICIAN', 'QQ9631452', NULL),
	(1004, 'F15FF47B76C503839153CB11395AE387', 'DB0EDD04AAAC4506F7EDAB03AC855D56', 'PATIENT', 'KK4441122', NULL),
	(1005, '7B4308CE497AE1CC5B97B13FC4D7853F', '218DD27AEBECCECAE69AD8408D9A36BF', 'PATIENT', 'JJ9991177', NULL),
	(1006, 'F4FDC4A12D16132A9B9E3B1C014E8697', '00CDB7BB942CF6B290CEB97D6ACA64A3', 'PATIENT', 'DF9672549', NULL),
	(1007, '635D4A4D0CEEB7829DB2EDAEE5E20329', 'B25EF06BE3B6948C0BC431DA46C2C738', 'PATIENT', 'OP1232244', NULL),
	(1008, 'BBA26BEE1F7412DFB8C3FFEC19653163', '5D69DD95AC183C9643780ED7027D128A', 'PATIENT', 'UL3212211', NULL),
	(1009, '9A003A2F3C3832D84F8DC10A9828A349', '87E897E3B54A405DA144968B2CA19B45', 'PATIENT', 'YY7897168', NULL),
	(1010, '564DED78C053C99555ABA1D4DB01EA37', '1E5C2776CF544E213C3D279C40719643', 'PHYSICIAN', 'XX3658899', NULL),
	(1011, '60D182B0EA41414452C011C33E5B2A8E', 'C24A542F884E144451F9063B79E7994E', 'PHYSICIAN', 'RR9002039', NULL),
	(1012, '152CE75BF1301C9B4BC665BE5ECCDBDC', 'EE684912C7E588D03CCB40F17ED080C9', 'PHYSICIAN', 'AD1112223', NULL),
	(1013, 'CC5765440EA706872677B218B0E24E1D', '8EE736784CE419BD16554ED5677FF35B', 'PHYSICIAN', 'TR8001217', NULL),
	(1014, '35E9F7FED4FA4978EC341173D5252E04', '9141FEA0574F83E190AB7479D516630D', 'PHYSICIAN', 'FF5553345', NULL),
	(1015, '495AE15068E5ED3A1BEF81C7FC559DD0', '2B40AAA979727C43411C305540BBED50', 'PHYSICIAN', 'BB8976524', NULL),
	(1016, 'B184285E8143E3A5B727FACD5E658576', 'A63F9709ABC75BF8BD8F6E1BA9992573', 'PHYSICIAN', 'CC6367897', NULL),
	(1017, '89B43E0EBA0083EB718173FA079A89EE', '80B8BDCEB474B5127B6ACA386BB8CE14', 'PATIENT', 'AQ1233212', NULL),
	(1018, '7A64101D8E5C485124790E4D434EB47C', 'E532AE6F28F4C2BE70B500D3D34724EB', 'PATIENT', 'QA4566548', NULL),
	(1019, '7F3ECA90E3287B8CE47BE37C3665CBF2', 'AEE67D9BB569AD1562F7B67CFCCBD2EF', 'PATIENT', 'BA7899871', NULL),
	(1020, '55CC60DCB5BD809A23D7F264A7779E16', '568C31F0F2406AB70255A1D83291220F', 'PATIENT', 'CW9633698', NULL),
	(1021, '89AB616B17AEB54A95260D37AF9B0909', '069103D83D40B742A336DEE5FB92F4E5', 'PATIENT', 'DR7411475', NULL),
	(1022, '8D952B6A4E951A60414B06A14C073A35', '1F82CDF9195B31244721C6026587FB78', 'PATIENT', 'EH1477412', NULL),
	(1023, '0FE256289B4D2E5397BEF302AD8241E9', '58BAD6B697DFF48F4927941962F23E90', 'PATIENT', 'FY8522583', NULL),
	(1024, '6C91B9A631FF4705FD98C2BEEDED4C14', '6982E82C0B21AF5526754D83DF2D1635', 'PATIENT', 'GL2588523', NULL),
	(1025, 'E283F095F19F80F9AAB1A313A77BAC65', 'DC2D937CBA912F093445D008F0461C83', 'PATIENT', 'HU1599512', NULL),
	(1026, '5D6A8B77AD56D0F6067B9C501C1C3C8B', 'CCF08FD9A560B266470BF8AB97FC7C26', 'PATIENT', 'JS9511596', NULL),
	(1027, '25D7A8F4A536A231D85191DF3DE7CB7E', '3B635D4DF2C9ECE93B97759531D6ED01', 'PATIENT', 'KO7533574', NULL),
	(1028, 'E5204ACB9D77EBEA1B78A7AA1826F597', '926742E502DE7D22686BB1D4A07FE635', 'PATIENT', 'LC4566547', NULL),
	(1029, '1A8A53EB4379EA759791CAC851F226D8', '3DC94727DBBA08BDD21D7B318B410600', 'PATIENT', 'MN3211235', NULL),
	(1030, 'AF2B600A623E6034AF79D4C2FC6D8488', '0C75F443030C092D82B67EF876FA4E4E', 'PATIENT', 'NM8633687', NULL);

INSERT INTO `physician` (`PhysicianID`, `Speciality`, `RoomNumber`, `OddStartingTime`, `OddEndingTime`, `EvenStartingTime`, `EvenEndingTime`)
	VALUES
	(1002, 2001, 200, '14:00:00', '20:00:00', '08:00:00', '14:00:00'),
	(1003, 2002, 300, '08:00:00', '14:00:00', '14:00:00', '20:00:00'),
	(1010, 2001, 200, '08:00:00', '14:00:00', '14:00:00', '20:00:00'),
	(1011, 2000, 100, '14:00:00', '20:00:00', '08:00:00', '14:00:00'),
	(1012, 2002, 300, '14:00:00', '20:00:00', '08:00:00', '14:00:00'),
	(1013, 2003, 400, '08:00:00', '14:00:00', '14:00:00', '20:00:00'),
	(1014, 2003, 400, '14:00:00', '20:00:00', '08:00:00', '14:00:00'),
	(1015, 2004, 500, '14:00:00', '20:00:00', '08:00:00', '14:00:00'),
	(1016, 2004, 500, '08:00:00', '14:00:00', '14:00:00', '20:00:00');

INSERT INTO `ticket` (`TicketID`, `Physician`, `Patient`, `Date`, `StartingTime`, `EndingTime`, `Diagnosis`, `Treatment`)
	VALUES
	(3000, 1001, 1009, '2019-06-23', '08:00:00', '08:10:00', 'Болит голова.', 'Выпить аспирин.'),
	(3001, 1001, NULL, '2019-06-27', '11:00:00', '11:15:00', NULL, NULL),
	(3002, 1002, NULL, '2019-06-29', '14:00:00', '14:10:00', NULL, NULL),
	(3003, 1002, NULL, '2019-06-29', '14:11:00', '14:20:00', NULL, NULL),
	(3004, 1002, NULL, '2019-06-29', '14:25:00', '14:30:00', NULL, NULL),
	(3005, 1002, NULL, '2019-06-29', '14:40:00', '14:55:00', NULL, NULL),
	(3006, 1003, 1004, '2019-06-25', '08:00:00', '08:20:00', NULL, NULL),
	(3007, 1003, NULL, '2019-06-25', '08:25:00', '08:30:00', NULL, NULL),
	(3008, 1003, 1005, '2019-06-24', '16:00:00', '16:10:00', 'Покраснения в глазах.', 'Закапать капли'),
	(3009, 1003, NULL, '2019-06-25', '10:00:00', '10:10:00', NULL, NULL),
	(3010, 1001, 1004, '2019-06-23', '09:00:00', '09:10:00', 'Высокое давление.', 'Выпить таблетки.'),
	(3011, 1001, 1005, '2019-06-23', '09:15:00', '09:20:00', 'Жар.', 'Выпить жаропонижающее.'),
	(3012, 1001, 1006, '2019-06-23', '09:35:00', '09:45:00', 'Болит нога.', 'Направление к хирургу.'),
	(3013, 1001, 1007, '2019-06-23', '09:55:00', '10:10:00', 'Болит живот.', 'Сделать УЗИ.'),
	(3014, 1001, 1008, '2019-06-23', '10:15:00', '10:25:00', 'Боль в груди.', 'Сделать УЗИ.'),
	(3015, 1010, 1009, '2019-06-23', '09:00:00', '09:05:00', 'Трещина кисти.', 'Наложить гипс.'),
	(3016, 1010, 1005, '2019-06-23', '10:00:00', '10:10:00', 'Подвёрнут голеностоп.', 'Наложить повязку.'),
	(3017, 1011, 1009, '2019-06-23', '14:00:00', '14:05:00', 'Головокружение.', 'Сделать МРТ.'),
	(3018, 1011, 1005, '2019-06-23', '14:10:00', '14:30:00', 'Тошнота.', 'Сделать УЗИ.'),
	(3019, 1012, 1004, '2019-06-25', '17:00:00', '17:10:00', 'Стружка в глазу.', 'Промыть глаз.'),
	(3020, 1012, 1007, '2019-06-25', '17:15:00', '17:30:00', 'Глаукома.', 'Капать капли постоянно.'),
	(3021, 1013, 1009, '2019-06-23', '09:45:00', '09:50:00', 'Проблемы с мочеиспусканием.', 'Пить таблетки.'),
	(3022, 1013, 1008, '2019-06-23', '12:00:00', '12:10:00', 'Недержание мочи.', 'Пить таблетки.'),
	(3023, 1014, 1004, '2019-06-23', '15:00:00', '15:10:00', 'Простата.', 'Госпитализация.'),
	(3024, 1014, 1006, '2019-06-23', '16:00:00', '16:10:00', 'Боли при мочеиспускании.', 'Пить таблетки.'),
	(3025, 1015, 1004, '2019-06-25', '19:00:00', '19:10:00', 'Заложены уши.', 'Промывание.'),
	(3026, 1015, 1005, '2019-06-25', '19:20:00', '19:30:00', 'Проблемы со слухом.', 'Носить слуховой аппарат.'),
	(3027, 1016, 1005, '2019-06-24', '15:15:00', '15:30:00', 'Ангина', 'Госпитализация.'),
	(3028, 1016, 1006, '2019-06-24', '17:00:00', '17:15:00', 'Заложен нос.', 'Капать капли.'),
	(3029, 1011, 1017, '2019-05-14', '09:00:00', '09:10:00', 'Плохой сон', 'Пить тонизирующие таблетки.'),
	(3030, 1011, 1018, '2019-05-14', '10:00:00', '10:15:00', 'Слабость', 'Сдать анализы.'),
	(3031, 1011, 1019, '2019-05-14', '11:05:00', '11:20:00', 'Давление', 'Пить 2 месяца таблетки.'),
	(3032, 1011, 1020, '2019-05-14', '12:00:00', '12:20:00', 'Боль в почках.', 'Сделать УЗИ.'),
	(3033, 1012, 1021, '2019-05-14', '08:00:00', '08:15:00', 'Гной в глазах.', 'Капать капли в течение недели.'),
	(3034, 1012, 1022, '2019-05-14', '08:20:00', '08:30:00', 'Упало зрение.', 'Выписать очки.'),
	(3035, 1012, 1023, '2019-05-14', '08:35:00', '08:50:00', 'Глаукома.', 'Капать капли постоянно.'),
	(3036, 1012, 1024, '2019-05-14', '09:00:00', '09:15:00', 'Глаукома.', 'Капать капли постоянно.'),
	(3037, 1010, 1025, '2019-05-14', '14:00:00', '14:15:00', 'Вывих локтя.', 'Наложить бандаж.'),
	(3038, 1010, 1026, '2019-05-14', '14:20:00', '14:30:00', 'Вывих запятья.', 'Наложить бандаж.'),
	(3039, 1010, 1027, '2019-05-14', '14:35:00', '14:45:00', 'Вывих стопы.', 'Наложить бандаж.'),
	(3040, 1016, 1028, '2019-05-14', '14:00:00', '14:10:00', 'Заложены уши.', 'Сделать промывание.'),
	(3041, 1016, 1029, '2019-05-14', '16:15:00', '16:30:00', 'Заложен нос.', 'Капать капли.'),
	(3042, 1016, 1030, '2019-05-14', '17:00:00', '17:15:00', 'Болит горло.', 'Пить сироп 3 дня.'),
	(3043, 1001, 1004, '2019-07-14', '19:00:00', '19:10:00', NULL, NULL),
	(3044, 1010, 1017, '2019-09-05', '08:00:00', '08:10:00', NULL, NULL),
	(3045, 1010, 1018, '2019-09-05', '08:15:00', '08:25:00', NULL, NULL),
	(3046, 1010, 1019, '2019-09-05', '08:30:00', '08:40:00', NULL, NULL),
	(3047, 1010, 1020, '2019-09-05', '08:45:00', '08:55:00', NULL, NULL),
	(3048, 1010, 1021, '2019-09-05', '09:00:00', '09:10:00', NULL, NULL),
	(3049, 1010, 1022, '2019-09-05', '09:15:00', '09:25:00', NULL, NULL),
	(3050, 1010, 1023, '2019-09-05', '09:30:00', '09:40:00', NULL, NULL),
	(3051, 1010, 1024, '2019-09-05', '09:45:00', '09:55:00', NULL, NULL),
	(3052, 1010, 1025, '2019-09-05', '10:00:00', '10:10:00', NULL, NULL),
	(3053, 1010, 1026, '2019-09-05', '10:15:00', '10:25:00', NULL, NULL),
	(3054, 1010, NULL, '2019-09-05', '10:30:00', '10:40:00', NULL, NULL),
	(3055, 1010, NULL, '2019-09-05', '10:45:00', '10:55:00', NULL, NULL),
	(3056, 1010, NULL, '2019-09-05', '11:00:00', '11:10:00', NULL, NULL),
	(3057, 1010, NULL, '2019-09-05', '11:15:00', '11:25:00', NULL, NULL),
	(3058, 1010, NULL, '2019-09-05', '11:30:00', '11:40:00', NULL, NULL),
	(3059, 1010, NULL, '2019-09-05', '11:45:00', '11:55:00', NULL, NULL),
	(3060, 1010, NULL, '2019-09-05', '12:00:00', '12:10:00', NULL, NULL),
	(3061, 1010, NULL, '2019-09-05', '12:15:00', '12:25:00', NULL, NULL),
	(3062, 1010, NULL, '2019-09-05', '12:30:00', '12:40:00', NULL, NULL),
	(3063, 1010, NULL, '2019-09-05', '12:45:00', '12:55:00', NULL, NULL),
	(3064, 1010, NULL, '2019-09-05', '13:00:00', '13:10:00', NULL, NULL),
	(3065, 1010, NULL, '2019-09-05', '13:15:00', '13:25:00', NULL, NULL),
	(3066, 1010, NULL, '2019-09-05', '13:30:00', '13:40:00', NULL, NULL),
	(3067, 1010, NULL, '2019-09-05', '13:45:00', '13:55:00', NULL, NULL);
